{"lightParameters":[{"type":1,"position":[0,0,10],"diffuse":[0.007843137718737126,0.09803922474384308,0.40000003576278689],"specular":[0.0,0.20000001788139344,0.7019608020782471],"ambient":[0.5,0.5,0.5],"shininness":2.0,"constantAttenuation":1,"linearAttenuation":0.0014,"quadraticAttenuation":0.000007,"spotDirection":[0,0,-1],"spotExponent":1,"spotCutoff":0.07,"spotCosCutoff":0},{"type":4,"position":[1,1,1],"diffuse":[1.0,0.501960813999176,0.501960813999176],"specular":[0.5,0.5,0.5],"ambient":[0.5098039507865906,0.20000001788139344,0.501960813999176],"shininness":2.0,"constantAttenuation":1,"linearAttenuation":0.0014,"quadraticAttenuation":0.000007,"spotDirection":[0,0,-1],"spotExponent":0.6489999890327454,"spotCutoff":0.16899999976158146,"spotCosCutoff":0.9857534766197204},{"type":4,"position":[1,1,1],"diffuse":[0.5,0.5,0.5],"specular":[0.5,0.5,0.5],"ambient":[0.5,0.5,0.5],"shininness":2.0,"constantAttenuation":1,"linearAttenuation":0.0014,"quadraticAttenuation":0.000007,"spotDirection":[0,0,-1],"spotExponent":1,"spotCutoff":0.07,"spotCosCutoff":0}],"ambientScene":[0,0,0]}